name,address
Công Ty TNHH MTV Tổng Công Ty Tân Cảng Sài Gòn,"722 Điện Biên Phủ, P. 22, Q. Bình Thạnh,TP. Hồ Chí Minh, Việt Nam"
Công ty TNHH Thương Mại Huỳnh Phương Vy,"Số 10 đường 100B , phường Thạnh Mỹ Lợi , Quân 2 ,TP. Hồ Chí Minh, Việt Nam"
Dịch Vụ Hải Quan Hoàng Ngân - Công Ty TNHH Phát Triển Hoàng Ngân,"Số 417/28A Lê Văn Thọ, Phường 9, Quận Gò Vấp,TP. Hồ Chí Minh, Việt Nam"
Công Ty TNHH Giao Nhận Quốc Tế TNT,"95/107/07 Lê Văn Lương, P. Tân Kiểng, Q. 7,TP. Hồ Chí Minh, Việt Nam"
Công ty TNHH Thương mại và Vận tải Eagle,"Số 208 Lý Long Tường, Mỹ Kim 3, Phú Mỹ Hưng, Phường Tân Phong, Quận 7,TP. Hồ Chí Minh, Việt Nam"
SHIN NÔNG MACHINE - Công Ty TNHH ONTRACK LOGISTICS VINA,"Thửa 1 Lô 26D, KĐTM Ngã Năm Sân Bay Cát Bi, Phường Đông Khê, Quận Ngô Quyền,Tp. Hải Phòng, Việt Nam"
Công Ty TNHH Tiếp Vận Nghĩa Phát,"Tầng 14, Tòa Nhà HM Town, 412 Nguyễn Thị Minh Khai, P. 5, Q. 3,TP. Hồ Chí Minh, Việt Nam"
Công Ty TNHH Vận Chuyển Vùng Vịnh,"Tầng 4, 94-96 Nguyễn Văn Thương, P. 25, Q. Bình Thạnh,TP. Hồ Chí Minh, Việt Nam"
Công Ty TNHH Logway Sea And Air,"79 Bàu Cát 6, Phường 14, Quận Tân Bình,TP. Hồ Chí Minh, Việt Nam"
Vận Tải Biển PNT - Công Ty TNHH Thương Mại Và Vận Tải Biển PNT,"9/39/272 Đà Nẵng, P. Vạn Mỹ, Q. Ngô Quyền,Tp. Hải Phòng, Việt Nam"
"Hải Minh Logistics Co.,Ltd - Công Ty TNHH Tiếp Vận Quốc Tế Hải Minh","40 Đường Số 2, Khu Phố 2, Phường An Phú, Thành phố Thủ Đức,TP. Hồ Chí Minh, Việt Nam"
Công Ty TNHH Tiếp Vận M.H,"36/23B Huỳnh Thiện Lộc, P. Hòa Thạnh, Q. Tân Phú,TP. Hồ Chí Minh, Việt Nam"
Công Ty TNHH TM DV Vận Chuyển Quốc Tế NUT,"Phòng 301, Số 3, Nguyễn Văn Đậu, P. 5, Q. Phú Nhuận,TP. Hồ Chí Minh, Việt Nam"
Bảo Phát Logistics - Công Ty Cổ Phần Thương Mại Dịch Vụ Logistics Bảo Phát,"209 Nguyễn Thị Nhỏ, Phường 9, Quận Tân Bình,Tp. Hồ Chí Minh, Việt Nam"
Công Ty Cổ Phần Liên Kết Vàng Nam Định,"Số 83 Trần Khánh Dư, KĐT Hòa Vượng, P. Lộc Vượng, Tp. Nam Định,Nam Định, Việt Nam"
Thanh Phong Logistics - Công Ty TNHH Đầu Tư TM Xây Dựng XNK Thanh Phong,"Vincom Plaza, MG02-08A, Số 01 Lê Thánh Tông, P. Máy Tơ, Q. Ngô Quyền,Tp. Hải Phòng, Việt Nam"
Công ty TNHH APL Logistics Việt Nam,"Tầng 5, tòa B, tòa nhà Viettel, số 285 Cách Mạng Tháng Tám, Phường 12, Quận 10,TP. Hồ Chí Minh, Việt Nam"
Công Ty TNHH Thương Mại Dịch Vụ P&C Việt Nam,"Thửa Đất Số 313G, Tờ Bản Đồ Số 3, Tổ 16, Hòa Bình, P. Yên Nghĩa, Q. Hà Đông,Hà Nội, Việt Nam"
Công Ty TNHH Logistics Quốc Tế Viet Chun,"Sau Cầu Cảng 04 Thuộc Chi Nhánh Cảng Tân Vũ, Khu Kinh Tế Đình Vũ - Cát Hải, P. Đông Hải 2, Q. Hải An,Tp. Hải Phòng, Việt Nam"
Công Ty TNHH TM DV XNK Lộc Vừng Đỏ,"Số 359/12 Vườn Lài, P. Phú Thọ Hoà, Q. Tân Phú,TP. Hồ Chí Minh, Việt Nam"
Nội Bài Logistics - Công Ty TNHH Tiếp Vận Nội Bài,"Kho nhập nội địa, đường trại cá, sân bay Quốc tế Nội Bài, Phú Minh, Sóc Sơn,Hà Nội, Việt Nam"
Công Ty TNHH Thương Mại Và Dịch Vụ Đại Tân á,"Phòng 604-606, Tầng 6, Tòa Nhà Thăng Long GTC, 115 Lê Duẩn, Q. Hoàn Kiếm,Hà Nội, Việt Nam"
SOTRANS Logistics - Công Ty TNHH MTV SOTRANS Logistics,"1B Hoàng Diệu, P. 13, Q. 4,TP. Hồ Chí Minh, Việt Nam"
Công Ty TNHH J&T International Logistics Việt Nam,"Số 10 Mai Chí Thọ, Quận 02, TP Thủ Đức,Hà Nội, Việt Nam"
Vận Chuyển Colombus Việt Nam - Công Ty TNHH COLOMBUS Việt Nam,"Số 83, Ngõ 209, Đường Ngọc Hồi, Thanh Trì,Hà Nội, Việt Nam"
Xuất Nhập Khẩu THC 789 - Công Ty CP Thương Mại Và Xuất Nhập Khẩu THC 789,"Số 6/1, Tổ 1, P. Trưng Trắc, TP. Phúc Yên,Vĩnh Phúc, Việt Nam"
Công Ty TNHH Khuyên Linh,"Gầm cầu vượt, Đường Trần Quang Khải, Khu Phố 3, P. Bắc Sơn, TX. Bỉm Sơn,Thanh Hóa, Việt Nam"
Logistic Hải Phòng - Công Ty CP Dịch Vụ Cảng Hải Phòng,"Lô KB1-1, KCN Nam Đình Vũ (Khu 1), P. Đông Hải 2, Q. Hải An,Tp. Hải Phòng, Việt Nam"
Công Ty TNHH Vận Tải An Tùng,"Đội 4, Thôn Lạc Thị, X. Ngọc Hồi, H. Thanh Trì,Hà Nội, Việt Nam"
Công Ty TNHH Go Global Inc,"Tầng 7, 253 Hoàng Văn Thụ, Phường 2, Quận Tân Bình,TP. Hồ Chí Minh, Việt Nam"
Tiếp Vận Viễn Dương - Công Ty TNHH Tiếp Vận Viễn Dương,"170 Trưng Nữ Vương, P. Bình Thuận, Q. Hải Châu,Tp. Đà Nẵng, Việt Nam"
Công Ty TNHH Giao Nhận Vận Tải V-Link,"Số 132/10/1, Đường Số 8, P. Bình Hưng Hòa A, Q. Bình Tân,TP. Hồ Chí Minh, Việt Nam"
Công ty Cổ phần Công nghệ Việt Nam Ring,"M1-1.06, Chung cư Jamona City, Đường Đào Trí, quận 7TP. Hồ Chí Minh, Việt Nam"
Công Ty CP Giao Nhận Và Vận Tải Quốc Tế Hải Khánh - Văn Phòng Đà Nẵng,"Số 630-632 Đường Ngô Quyền, Q. Sơn Trà, P. An Hải Bắc,Tp. Đà Nẵng, Việt Nam"
Vận Tải Đại Thịnh Phát - Công Ty TNHH Thương Mại - Dịch Vụ Giao Nhận Vận Tải Đại Thịnh Phát,"Số 118M, Đường Nguyễn Thái Bình, Tổ 3, Khu Phố 9, Phường Phú Hòa, Thành Phố Thủ Dầu Một,Bình Dương, Việt Nam"
Công Ty TNHH S-GROW Việt Nam,"Tầng 1, Số 16 Liễu Giai, P. Cống Vị, Q. Ba Đình,Hà Nội, Việt Nam"
Công ty TNHH Logistics Xiamen B&D,"5G, Westside, Tòa Nhà Liansheng, Số 28, Đường Huli, Quận Huli, Hạ Môn,, Trung Quốc"
Vận Tải Saigonship Đà Nẵng - Công Ty Cổ Phần Saigonship Đà Nẵng,"Khu B1-6, KCN Dịch Vụ Thủy Sản Thọ Quang, P. Thọ Quang, Q. Sơn Trà,Tp. Đà Nẵng, Việt Nam, Việt Nam"
